{
  "石狩地方北部": [43.413076136110604, 141.50423485806385],
  "石狩地方中部": [43.004363323917126, 141.265892263131],
  "石狩地方南部": [42.84924657478391, 141.52522257956556],
  "渡島地方北部": [42.30495990804651, 140.24302380716867],
  "渡島地方東部": [41.89620123195108, 140.72479147606663],
  "渡島地方西部": [41.6103548578448, 140.261940870666],
  "檜山地方": [42.40669392818229, 140.00662116512424],
  "後志地方北部": [43.168162916271434, 140.79245081660082],
  "後志地方東部": [42.82952266260202, 140.84430958892796],
  "後志地方西部": [42.86452966727084, 140.37144161074474],
  "北海道奥尻島": [42.16125648807478, 139.48263233747767],
  "空知地方北部": [43.80076213210013, 141.9513407132416],
  "空知地方中部": [43.50506520820097, 141.9777257338273],
  "空知地方南部": [43.14469353829023, 141.9007444261101],
  "上川地方北部": [44.369640587041665, 142.39534307275272],
  "上川地方中部": [43.7321266379372, 142.65330223842963],
  "上川地方南部": [43.19139186937177, 142.5026823559761],
  "留萌地方中北部": [44.506040056412985, 141.91978367908024],
  "留萌地方南部": [43.94110962721661, 141.74162923931343],
  "宗谷地方北部": [45.168610073356746, 141.94274273440487],
  "宗谷地方南部": [44.84733615403924, 142.4237072173547],
  "北海道利尻礼文": [45.38331325623933, 141.01710632611488],
  "網走地方": [43.85902168445321, 144.51021983862216],
  "北見地方": [43.79815318400806, 143.65057927585232],
  "紋別地方": [44.15982248397798, 143.07562293009465],
  "胆振地方西部": [42.62632038599024, 140.89636543814933],
  "胆振地方中東部": [42.669981851544655, 141.63284452408075],
  "日高地方西部": [42.727857705070576, 142.42677760651338],
  "日高地方中部": [42.496842205374755, 142.59839940940228],
  "日高地方東部": [42.21311784898656, 142.99911251517182],
  "十勝地方北部": [43.36389246247973, 143.28589827687418],
  "十勝地方中部": [42.865366581587764, 143.25265869513692],
  "十勝地方南部": [42.51160882158158, 143.14854667650877],
  "釧路地方北部": [43.540409038130825, 144.4040161751411],
  "釧路地方中南部": [43.20547339450386, 144.47514184245338],
  "根室地方北部": [43.87573961096797, 145.05211791001526],
  "根室地方中部": [43.39079550996485, 145.02517341133068],
  "根室地方南部": [43.28387746168607, 145.51678274271578],
  "青森県津軽北部": [40.89494632478845, 140.66433639788775],
  "青森県津軽南部": [40.568101702331745, 140.37329507455243],
  "青森県三八上北": [40.59317590216319, 141.2108426175272],
  "青森県下北": [41.29505248952015, 141.09977309144398],
  "岩手県沿岸北部": [39.82601766476434, 141.75004851382414],
  "岩手県沿岸南部": [39.19676361110766, 141.73888317256265],
  "岩手県内陸北部": [39.94107082935164, 141.2072878200944],
  "岩手県内陸南部": [39.202583921350374, 141.17670547621236],
  "宮城県北部": [38.73602677067491, 141.14884434309204],
  "宮城県南部": [38.022840902586125, 140.63238633384702],
  "宮城県中部": [38.403597729733036, 141.14912897890193],
  "秋田県沿岸北部": [40.10050307494432, 140.07516694979452],
  "秋田県沿岸南部": [39.462842510901304, 140.22752459674572],
  "秋田県内陸北部": [40.177858013003494, 140.59042018630498],
  "秋田県内陸南部": [39.43966897322789, 140.56916301407847],
  "山形県庄内": [38.69763693789022, 139.90503712985515],
  "山形県最上": [38.783919156601314, 140.28865425310988],
  "山形県村山": [38.37855572454489, 140.27049237116682],
  "山形県置賜": [38.000071671844225, 139.96592722051193],
  "福島県中通り": [37.41510223108065, 140.44005090632888],
  "福島県浜通り": [37.386909153396054, 140.79802440114096],
  "福島県会津": [37.42266957313514, 139.70571648187507],
  "茨城県北部": [36.57801250721768, 140.43879745583473],
  "茨城県南部": [36.11151734872863, 140.23492188023587],
  "栃木県北部": [36.84978700176259, 139.7914407307856],
  "栃木県南部": [36.547810324598046, 139.84051398465726],
  "群馬県北部": [36.6938462568101, 138.91580093536044],
  "群馬県南部": [36.329981693729515, 139.08205961951165],
  "埼玉県北部": [36.11495647037258, 139.3479817501061],
  "埼玉県南部": [35.90575311145351, 139.53413842737453],
  "埼玉県秩父": [35.98753436552702, 138.97275907840384],
  "千葉県北東部": [35.64010479419512, 140.42363406940103],
  "千葉県北西部": [35.65776585641114, 140.13655082498374],
  "千葉県南部": [35.201182084743024, 140.04110230427827],
  "東京都２３区": [35.68895975748203, 139.74769838849076],
  "東京都多摩東部": [35.67180955664536, 139.4100397507034],
  "東京都多摩西部": [35.78273097877106, 139.14850869004658],
  "神津島": [34.214054551256595, 139.14495866990177],
  "伊豆大島": [34.73522092947883, 139.39765524371518],
  "新島": [34.38835323474585, 139.26923506556412],
  "三宅島": [34.088007019818875, 139.51705556272836],
  "八丈島": [33.10499768203257, 139.7987665437302],
  "小笠原": [26.672489932634335, 142.1521379688722],
  "神奈川県東部": [35.39877185068225, 139.55918678252183],
  "神奈川県西部": [35.416956132590194, 139.16304454258884],
  "新潟県上越": [36.992273053862945, 138.12767847190491],
  "新潟県中越": [37.24170455665815, 138.90926386171927],
  "新潟県下越": [37.90875133392292, 139.41065188250735],
  "新潟県佐渡": [38.045673944993474, 138.3782059750024],
  "富山県東部": [36.61854273124515, 137.41475303040286],
  "富山県西部": [36.60917334377006, 136.9405551032168],
  "石川県能登": [37.159820441231396, 136.95195907382632],
  "石川県加賀": [36.37858340480565, 136.65015274663767],
  "福井県嶺北": [35.95667138068731, 136.393443142415],
  "福井県嶺南": [35.54559501049151, 135.81513014975613],
  "山梨県中・西部": [35.62598708681416, 138.49886761439424],
  "山梨県東部・富士五湖": [35.60425148844662, 138.88704006174675],
  "長野県北部": [36.667919852086236, 138.11845666945257],
  "長野県中部": [36.15682794813788, 138.14974600805263],
  "長野県南部": [35.676786035768295, 137.81776185231277],
  "岐阜県飛騨": [36.09051183932872, 137.19778581505557],
  "岐阜県美濃東部": [35.48176004498256, 137.31585496996541],
  "岐阜県美濃中西部": [35.63015081695226, 136.71458631439066],
  "静岡県伊豆": [34.876189162276454, 138.94080399433471],
  "静岡県東部": [35.19674805932553, 138.78845869576742],
  "静岡県中部": [35.16270295027468, 138.23306317084987],
  "静岡県西部": [34.94417872111253, 137.8910991410442],
  "愛知県東部": [34.91233806238121, 137.43895612908952],
  "愛知県西部": [35.05955575408968, 137.1102437670095],
  "三重県北部": [35.01192222657143, 136.51146250099987],
  "三重県中部": [34.60905311603202, 136.28969815998488],
  "三重県南部": [34.19055937910805, 136.4052761127342],
  "滋賀県北部": [35.41188917094853, 136.17174974105595],
  "滋賀県南部": [35.026665941158534, 136.11616304325958],
  "京都府北部": [35.4803362553027, 135.20890939714974],
  "京都府南部": [35.02162238013128, 135.6860285457557],
  "大阪府北部": [34.822671367613374, 135.52425137488686],
  "大阪府南部": [34.43062695497913, 135.40583441215205],
  "兵庫県北部": [35.44469103814878, 134.73659676782387],
  "兵庫県南東部": [34.955056199127206, 135.12262548117758],
  "兵庫県南西部": [34.98705329592291, 134.5690635419024],
  "兵庫県淡路島": [34.376624302832006, 134.84097246538727],
  "奈良県": [34.30919399452728, 135.87146329930437],
  "和歌山県北部": [34.09295576596969, 135.32660549800872],
  "和歌山県南部": [33.7432051937904, 135.63999395290298],
  "鳥取県東部": [35.38177205805848, 134.24121707736603],
  "鳥取県中部": [35.38863644013633, 133.80434942068928],
  "鳥取県西部": [35.290990483938764, 133.3702021488749],
  "島根県東部": [35.28096563739954, 132.93938990895305],
  "島根県西部": [34.77861532282397, 132.2144747220875],
  "島根県隠岐": [36.248425244187416, 133.28443525398382],
  "岡山県北部": [35.08540636157218, 133.83942793869412],
  "岡山県南部": [34.72293711995913, 133.85053084207476],
  "広島県北部": [34.781179367058876, 132.73665636071735],
  "広島県南東部": [34.57418121946276, 133.16326223148323],
  "広島県南西部": [34.41230486413142, 132.52289054108584],
  "徳島県北部": [34.01539959070174, 134.17982473704785],
  "徳島県南部": [33.77823123439525, 134.3936385778539],
  "香川県東部": [34.26390966335682, 134.16589134202678],
  "香川県西部": [34.202755092544976, 133.8183747950894],
  "愛媛県東予": [33.93285543252425, 133.23497862018726],
  "愛媛県中予": [33.71574376150083, 132.87123005951503],
  "愛媛県南予": [33.28968934267261, 132.50747936396283],
  "高知県東部": [33.532622840598265, 134.06955227792312],
  "高知県中部": [33.60888774256235, 133.48654382315067],
  "高知県西部": [33.10134633394665, 132.9222740716661],
  "山口県北部": [34.379377462127216, 131.34525751534903],
  "山口県西部": [34.10819252799925, 131.11190132484452],
  "山口県東部": [34.149479621402484, 132.0539530229666],
  "山口県中部": [34.16756190717181, 131.6512676382673],
  "福岡県福岡": [33.61104445301425, 130.3818135771421],
  "福岡県北九州": [33.75614525439487, 130.90587625610837],
  "福岡県筑豊": [33.6285807317919, 130.7452086579841],
  "福岡県筑後": [33.25517904165481, 130.63099732792153],